id,object_name,object_id,start_time,end_time,duration
p59ZDdxszkk,person,12f2b28f,190.560,442.920,252.36
8AcQ8C9xa-A,person,db25e323,0.000,103.080,103.08
UXR_bqyAy4E,person,f5bac477,382.200,472.440,90.24000000000001
EJMaCyibnsM,person,b94694dd,717.600,797.040,79.43999999999994
p59ZDdxszkk,person,8d8648ac,499.200,577.440,78.24000000000007
p59ZDdxszkk,person,af9a3ffe,86.160,161.040,74.88
UXR_bqyAy4E,person,416448ca,486.360,556.680,70.31999999999994
p59ZDdxszkk,person,e211d409,3.720,63.720,60.0
UXR_bqyAy4E,person,beb659d0,382.920,441.000,58.079999999999984
EJMaCyibnsM,person,bc8c4fab,478.200,535.920,57.71999999999997
UXR_bqyAy4E,person,e453cd5e,579.960,636.840,56.879999999999995
8AcQ8C9xa-A,person,e3229b4d,430.200,483.240,53.04000000000002
8AcQ8C9xa-A,person,1addfadb,382.560,429.960,47.39999999999998
UXR_bqyAy4E,person,2426728f,425.040,472.440,47.39999999999998
8AcQ8C9xa-A,person,0e7e46e2,382.560,429.960,47.39999999999998
5VPmpRR09ZU,person,5e5916ba,300.240,346.440,46.19999999999999
UXR_bqyAy4E,person,66369132,0.960,45.600,44.64
FiJTenAqt5M,person,ea0fca2b,149.040,193.560,44.52000000000001
UXR_bqyAy4E,person,8c5c234b,1.560,45.600,44.04
EJMaCyibnsM,person,b645434d,0.000,43.320,43.32
UXR_bqyAy4E,person,e2b80c01,659.520,702.120,42.60000000000002
UXR_bqyAy4E,person,7304fa17,516.120,556.680,40.559999999999945
UXR_bqyAy4E,person,b1a8e0b0,5.400,45.600,40.2
WlLChq8FUxY,person,e8750f09,0.000,38.160,38.16
FiJTenAqt5M,person,a96df78a,35.400,73.320,37.919999999999995
FiJTenAqt5M,person,275f43fb,35.400,73.320,37.919999999999995
UXR_bqyAy4E,person,c6c92491,255.000,292.680,37.68000000000001
UXR_bqyAy4E,person,acf9f6db,8.280,45.600,37.32
UXR_bqyAy4E,person,9fe2fa33,9.240,45.600,36.36
p59ZDdxszkk,person,8d71f6de,463.560,499.200,35.639999999999986
FiJTenAqt5M,person,ca009f8f,0.000,35.280,35.28
UXR_bqyAy4E,person,e2f97689,409.680,441.600,31.920000000000016
5VPmpRR09ZU,person,7c3ae7c3,391.920,422.280,30.359999999999957
UXR_bqyAy4E,person,1c721c4a,442.680,472.440,29.75999999999999
UXR_bqyAy4E,person,bf3c2711,382.200,411.720,29.52000000000004
UXR_bqyAy4E,person,38c82657,191.280,220.560,29.28
UXR_bqyAy4E,person,461cbb80,191.280,220.560,29.28
UXR_bqyAy4E,person,16d9050e,443.520,472.440,28.920000000000016
EJMaCyibnsM,person,4c79b34c,573.120,601.800,28.67999999999995
UXR_bqyAy4E,person,5fdf270b,191.280,218.760,27.47999999999999
FiJTenAqt5M,person,c4b586e3,122.040,148.920,26.87999999999998
FiJTenAqt5M,person,0b8edd3e,122.040,148.920,26.87999999999998
5VPmpRR09ZU,person,85227c53,496.080,522.720,26.640000000000043
WlLChq8FUxY,person,5ad887e4,246.600,273.120,26.52000000000001
WlLChq8FUxY,person,e3e60866,299.160,325.200,26.039999999999964
UXR_bqyAy4E,person,a656cd05,80.640,106.320,25.679999999999993
UXR_bqyAy4E,person,0b74dcfc,410.160,435.840,25.67999999999995
UXR_bqyAy4E,person,f85ae910,382.200,407.760,25.560000000000002
WlLChq8FUxY,person,3fc0230b,221.040,246.480,25.439999999999998
jwqrVwh0ZpQ,person,1ba7e141,0.000,24.720,24.72
jwqrVwh0ZpQ,person,c0a8deb3,0.000,24.720,24.72
jwqrVwh0ZpQ,person,86581d1b,0.000,24.720,24.72
jwqrVwh0ZpQ,person,6d1afb61,0.000,24.720,24.72
jwqrVwh0ZpQ,person,bc8603ea,0.360,24.720,24.36
EJMaCyibnsM,person,63417888,374.400,397.560,23.160000000000025
EJMaCyibnsM,person,735914ac,43.560,66.720,23.159999999999997
UXR_bqyAy4E,person,30526442,556.800,579.840,23.040000000000077
UXR_bqyAy4E,person,93c84930,556.920,579.840,22.920000000000073
QYgKCy64CV0,person,7f5b0bd2,0.000,22.800,22.8
p59ZDdxszkk,person,9e04ea36,161.160,183.840,22.680000000000007
UXR_bqyAy4E,person,c3d396f2,382.200,404.880,22.680000000000007
_ZXJdYe4bpE,person,bced21f2,295.080,317.280,22.19999999999999
WlLChq8FUxY,person,18fed300,91.440,113.400,21.960000000000008
UXR_bqyAy4E,person,03c31230,106.440,127.320,20.879999999999995
5VPmpRR09ZU,person,c5a216f9,422.400,443.040,20.640000000000043
jzsiDRP5gXc,person,3a7a931a,489.480,510.120,20.639999999999986
5VPmpRR09ZU,person,a6d4a6d1,560.520,581.040,20.519999999999982
5VPmpRR09ZU,person,f2aadff7,560.520,581.040,20.519999999999982
5VPmpRR09ZU,person,a53eaa70,422.640,443.040,20.400000000000034
5VPmpRR09ZU,person,b137d16f,157.920,178.200,20.28
5VPmpRR09ZU,person,0caa3fcb,422.880,443.040,20.160000000000025
UXR_bqyAy4E,person,f1a541f6,383.760,403.800,20.04000000000002
UXR_bqyAy4E,person,27bf1766,438.120,458.160,20.04000000000002
EJMaCyibnsM,person,3a9fc16a,601.920,621.600,19.680000000000064
EJMaCyibnsM,person,05eda3cc,397.800,417.480,19.680000000000007
UXR_bqyAy4E,person,8fdcf6df,292.800,312.240,19.439999999999998
5VPmpRR09ZU,person,e31e4abe,281.160,300.120,18.95999999999998
EJMaCyibnsM,person,13ef074b,378.600,397.560,18.95999999999998
8AcQ8C9xa-A,person,a2e0c5ae,357.720,376.680,18.95999999999998
EJMaCyibnsM,person,f3dcef46,536.040,554.880,18.840000000000032
8AcQ8C9xa-A,person,0e7af1ce,108.600,127.440,18.840000000000003
p59ZDdxszkk,person,fd1ee55f,67.320,86.040,18.720000000000013
EJMaCyibnsM,person,088b8581,536.040,554.640,18.600000000000023
5VPmpRR09ZU,person,c5aae4e1,62.400,81.000,18.6
5VPmpRR09ZU,person,381a8110,62.400,81.000,18.6
5VPmpRR09ZU,person,40f2e942,62.520,81.000,18.479999999999997
8AcQ8C9xa-A,person,40f03433,246.000,264.360,18.360000000000014
8AcQ8C9xa-A,person,716dfdc9,246.000,264.360,18.360000000000014
8AcQ8C9xa-A,person,157f909f,246.000,264.360,18.360000000000014
8AcQ8C9xa-A,person,6ccd9464,483.360,501.720,18.360000000000014
8AcQ8C9xa-A,person,f88ec7ac,246.000,264.360,18.360000000000014
8AcQ8C9xa-A,person,2d92615f,246.000,264.360,18.360000000000014
8AcQ8C9xa-A,person,053ee677,483.360,501.720,18.360000000000014
8AcQ8C9xa-A,person,25295494,246.000,264.360,18.360000000000014
8AcQ8C9xa-A,person,7cb7ca54,246.000,264.360,18.360000000000014
8AcQ8C9xa-A,person,564407b3,246.000,264.360,18.360000000000014
8AcQ8C9xa-A,person,f4e70869,246.360,264.360,18.0
5F1LC4QmkRA,person,d177c23c,0.000,18.000,18.0
WlLChq8FUxY,person,08c06c39,160.920,178.800,17.880000000000024
QYgKCy64CV0,person,e5673b9d,5.040,22.800,17.76
p59ZDdxszkk,flag,7bab9c59,297.240,364.560,67.32
p59ZDdxszkk,flag,4c507dfa,288.840,337.080,48.24000000000001
p59ZDdxszkk,flag,bd2716fb,11.040,51.000,39.96
p59ZDdxszkk,flag,1839c4ee,267.600,305.280,37.67999999999995
EJMaCyibnsM,flag,c13fb49a,4.920,40.200,35.28
p59ZDdxszkk,flag,6c383a4f,499.800,532.320,32.52000000000004
p59ZDdxszkk,flag,7593673f,0.000,31.080,31.08
EJMaCyibnsM,flag,38d5580e,572.880,601.800,28.91999999999996
WlLChq8FUxY,flag,6625705f,246.600,273.120,26.52000000000001
EJMaCyibnsM,flag,345d00f8,573.120,599.640,26.519999999999982
WlLChq8FUxY,flag,061bd71b,221.040,246.480,25.439999999999998
WlLChq8FUxY,flag,00f5745b,221.040,246.360,25.32000000000002
WlLChq8FUxY,flag,a16c40dc,248.280,273.120,24.840000000000003
p59ZDdxszkk,flag,c80fde67,89.760,113.760,24.0
p59ZDdxszkk,flag,acffb1e6,21.840,44.280,22.44
p59ZDdxszkk,flag,e6ef87f8,0.960,22.800,21.84
p59ZDdxszkk,flag,c99ed0a7,344.760,364.800,20.04000000000002
p59ZDdxszkk,flag,5c778bf4,366.120,386.040,19.920000000000016
EJMaCyibnsM,flag,3345ecf3,601.920,621.600,19.680000000000064
EJMaCyibnsM,flag,0016c9ea,601.920,621.600,19.680000000000064
EJMaCyibnsM,flag,50dfcf7e,397.920,417.480,19.560000000000002
EJMaCyibnsM,flag,bfe58132,397.680,417.240,19.560000000000002
EJMaCyibnsM,flag,eff74d18,397.920,417.480,19.560000000000002
p59ZDdxszkk,flag,e0e51b74,369.360,388.800,19.439999999999998
p59ZDdxszkk,flag,ef5a40c8,105.600,124.920,19.320000000000007
p59ZDdxszkk,flag,e5aa45b1,20.760,39.600,18.84
p59ZDdxszkk,flag,25674183,526.200,544.920,18.719999999999914
p59ZDdxszkk,flag,e4c7a7a1,404.400,423.000,18.600000000000023
p59ZDdxszkk,flag,5fe4416e,309.960,328.200,18.24000000000001
p59ZDdxszkk,flag,f63c0256,104.160,122.280,18.120000000000005
p59ZDdxszkk,flag,951f5d5d,293.640,311.640,18.0
5F1LC4QmkRA,flag,b08b3b6f,0.000,18.000,18.0
EJMaCyibnsM,flag,028454f2,399.600,417.480,17.879999999999995
p59ZDdxszkk,flag,756a1121,87.120,105.000,17.879999999999995
p59ZDdxszkk,flag,a6103caf,348.600,366.240,17.639999999999986
p59ZDdxszkk,flag,b102db1a,545.520,563.160,17.639999999999986
p59ZDdxszkk,flag,48f20c13,379.320,396.600,17.28000000000003
p59ZDdxszkk,flag,6de2cafd,325.320,342.240,16.920000000000016
p59ZDdxszkk,flag,5bcdae87,538.920,555.720,16.800000000000068
p59ZDdxszkk,flag,80b25650,400.680,417.000,16.319999999999993
p59ZDdxszkk,flag,741b1b0d,505.200,521.400,16.19999999999999
p59ZDdxszkk,flag,5434a48a,106.080,122.160,16.08
p59ZDdxszkk,flag,5ada01f6,492.000,507.840,15.839999999999975
WlLChq8FUxY,flag,ef2fe2c6,178.920,194.520,15.600000000000023
p59ZDdxszkk,flag,059a7237,138.360,153.960,15.599999999999994
p59ZDdxszkk,flag,5470b62e,120.720,136.200,15.47999999999999
p59ZDdxszkk,flag,a31b3e23,371.280,386.640,15.360000000000014
p59ZDdxszkk,flag,50a1ceb6,230.520,245.880,15.359999999999985
EJMaCyibnsM,flag,27893563,272.400,287.640,15.240000000000009
p59ZDdxszkk,flag,1cc3b5e8,45.360,60.600,15.240000000000002
WlLChq8FUxY,flag,c068fd2a,194.640,209.760,15.120000000000005
p59ZDdxszkk,flag,ab9975d4,465.720,480.720,15.0
p59ZDdxszkk,flag,b6decbf0,87.360,102.000,14.64
p59ZDdxszkk,flag,7b33ce03,169.320,183.840,14.52000000000001
p59ZDdxszkk,flag,7ed9042f,428.520,442.920,14.400000000000034
FiJTenAqt5M,flag,ef7803e2,122.040,136.440,14.399999999999991
p59ZDdxszkk,flag,2b3b2a79,419.520,433.800,14.28000000000003
8AcQ8C9xa-A,flag,8075401a,158.160,172.440,14.280000000000001
p59ZDdxszkk,flag,9f3e6dcd,499.800,513.600,13.800000000000011
p59ZDdxszkk,flag,8ce54156,107.040,120.840,13.799999999999997
p59ZDdxszkk,flag,44e0cfa4,328.680,342.360,13.680000000000007
p59ZDdxszkk,flag,90d7c288,89.160,102.720,13.560000000000002
p59ZDdxszkk,flag,bd7c9328,561.000,574.440,13.440000000000055
p59ZDdxszkk,flag,88befdcf,366.480,379.920,13.439999999999998
p59ZDdxszkk,flag,468f958e,203.760,217.200,13.439999999999998
p59ZDdxszkk,flag,edd67a9d,522.840,536.280,13.43999999999994
p59ZDdxszkk,flag,f67bad43,247.680,261.000,13.319999999999993
p59ZDdxszkk,flag,3c16fe47,86.400,99.720,13.319999999999993
p59ZDdxszkk,flag,56188c46,299.400,312.600,13.200000000000045
p59ZDdxszkk,flag,f58babdc,530.640,543.840,13.200000000000045
p59ZDdxszkk,flag,0fdec692,245.520,258.720,13.200000000000017
p59ZDdxszkk,flag,c9f1c027,119.520,132.720,13.200000000000003
p59ZDdxszkk,flag,35b82778,352.800,365.880,13.079999999999984
p59ZDdxszkk,flag,ba50decb,190.680,203.640,12.95999999999998
5F1LC4QmkRA,flag,2d1aa5b3,18.120,30.960,12.84
p59ZDdxszkk,flag,f8d15f24,513.240,525.840,12.600000000000023
p59ZDdxszkk,flag,220eb966,311.160,323.640,12.479999999999961
p59ZDdxszkk,flag,7901bc0d,372.960,385.080,12.120000000000005
QYgKCy64CV0,flag,8a4e7c6f,68.880,81.000,12.120000000000005
p59ZDdxszkk,flag,2d579a9e,0.000,12.120,12.12
p59ZDdxszkk,flag,ebcfaeed,322.800,334.800,12.0
p59ZDdxszkk,flag,b2ea47a8,10.440,22.320,11.88
p59ZDdxszkk,flag,363fd3d3,340.560,352.320,11.759999999999991
p59ZDdxszkk,flag,58f95c17,560.160,571.680,11.519999999999982
p59ZDdxszkk,flag,40130b2c,268.440,279.840,11.399999999999977
p59ZDdxszkk,flag,479180e0,542.400,553.560,11.159999999999968
WlLChq8FUxY,flag,23d8e34a,209.880,220.920,11.039999999999992
p59ZDdxszkk,flag,bb82bd40,425.880,436.800,10.920000000000016
p59ZDdxszkk,flag,556a67ca,503.040,513.840,10.800000000000011
p59ZDdxszkk,flag,6fa2c597,230.520,241.080,10.560000000000002
p59ZDdxszkk,flag,de2522f8,247.200,257.760,10.560000000000002
EJMaCyibnsM,flag,78f93692,635.520,645.840,10.32000000000005
p59ZDdxszkk,flag,dbfddad9,206.760,217.080,10.320000000000022
p59ZDdxszkk,flag,5acf7a92,0.000,10.320,10.32
p59ZDdxszkk,flag,9fdddc1a,483.600,493.920,10.319999999999993
p59ZDdxszkk,flag,b48ed767,419.520,429.840,10.319999999999993
EJMaCyibnsM,flag,0231b2ce,321.840,332.040,10.200000000000045
p59ZDdxszkk,flag,de1fa4ad,221.760,231.960,10.200000000000017
p59ZDdxszkk,flag,c37ab36c,404.640,414.720,10.080000000000041
p59ZDdxszkk,flag,ddb9151e,567.240,577.320,10.080000000000041
8AcQ8C9xa-A,outerwear,1b0b09a1,0.000,103.080,103.08
EJMaCyibnsM,outerwear,ee922545,717.600,797.040,79.43999999999994
UXR_bqyAy4E,outerwear,690176ed,413.400,472.440,59.04000000000002
EJMaCyibnsM,outerwear,9a034a0d,478.200,535.920,57.71999999999997
8AcQ8C9xa-A,outerwear,cac3fa5b,382.560,429.960,47.39999999999998
5VPmpRR09ZU,outerwear,5c112777,300.240,346.440,46.19999999999999
UXR_bqyAy4E,outerwear,bce3d4a3,2.280,45.600,43.32
EJMaCyibnsM,outerwear,446f2ea6,1.800,43.320,41.52
UXR_bqyAy4E,outerwear,f9ddb58b,382.200,414.840,32.639999999999986
5VPmpRR09ZU,outerwear,55ff6cc7,391.920,422.280,30.359999999999957
WlLChq8FUxY,outerwear,5004f3a8,298.920,325.200,26.279999999999973
EJMaCyibnsM,outerwear,3e96bdb5,43.440,66.720,23.28
UXR_bqyAy4E,outerwear,242de106,556.800,579.840,23.040000000000077
jwqrVwh0ZpQ,outerwear,c0527c9c,107.280,128.400,21.120000000000005
FiJTenAqt5M,outerwear,1a8da124,51.840,72.120,20.28
5VPmpRR09ZU,outerwear,5701714d,423.000,443.040,20.04000000000002
EJMaCyibnsM,outerwear,ae925d42,397.680,417.480,19.80000000000001
UXR_bqyAy4E,outerwear,c006e919,292.800,312.240,19.439999999999998
5VPmpRR09ZU,outerwear,9c52ecee,423.960,443.040,19.08000000000004
8AcQ8C9xa-A,outerwear,b4af7fb8,108.720,127.440,18.72
EJMaCyibnsM,outerwear,3e79e0aa,378.960,397.560,18.600000000000023
8AcQ8C9xa-A,outerwear,fc927bbe,483.360,501.720,18.360000000000014
5VPmpRR09ZU,outerwear,a7d10a33,581.160,599.160,18.0
5VPmpRR09ZU,outerwear,67059b46,132.840,150.360,17.52000000000001
jzsiDRP5gXc,outerwear,dd41e1f0,554.160,571.320,17.160000000000082
5VPmpRR09ZU,outerwear,337fa214,133.200,150.360,17.160000000000025
UXR_bqyAy4E,outerwear,0a153d42,106.440,122.280,15.840000000000003
UXR_bqyAy4E,outerwear,6bea123c,231.360,246.720,15.359999999999985
8AcQ8C9xa-A,outerwear,ebe2abe5,220.920,236.160,15.240000000000009
EJMaCyibnsM,outerwear,606609bc,272.400,287.640,15.240000000000009
8AcQ8C9xa-A,outerwear,a94f8d0f,221.040,236.160,15.120000000000005
5F1LC4QmkRA,outerwear,5917d74c,0.000,14.760,14.76
EJMaCyibnsM,outerwear,47efd94d,308.040,321.720,13.680000000000007
UXR_bqyAy4E,outerwear,fe9a5254,473.040,486.240,13.199999999999989
UXR_bqyAy4E,outerwear,b3c6486f,355.680,368.880,13.199999999999989
p59ZDdxszkk,outerwear,60f57835,86.280,98.880,12.599999999999994
EJMaCyibnsM,outerwear,63f9b0de,705.000,717.480,12.480000000000018
5VPmpRR09ZU,outerwear,84682df9,221.760,234.120,12.360000000000014
jwqrVwh0ZpQ,outerwear,dbbb2d40,94.680,106.920,12.239999999999995
jwqrVwh0ZpQ,outerwear,031c1134,94.680,106.920,12.239999999999995
jwqrVwh0ZpQ,outerwear,22707637,94.680,106.920,12.239999999999995
UXR_bqyAy4E,outerwear,6b4b405c,503.160,515.280,12.119999999999948
EJMaCyibnsM,outerwear,bee10286,705.000,717.000,12.0
FiJTenAqt5M,outerwear,0c9d1dba,35.400,47.400,12.0
UXR_bqyAy4E,outerwear,ad2fdee4,644.040,655.680,11.639999999999986
8AcQ8C9xa-A,outerwear,b36f078b,405.000,416.520,11.519999999999982
EJMaCyibnsM,outerwear,6800010f,441.240,452.760,11.519999999999982
8AcQ8C9xa-A,outerwear,081f4da2,490.560,501.720,11.160000000000025
5VPmpRR09ZU,outerwear,62db8541,431.880,443.040,11.160000000000025
EJMaCyibnsM,outerwear,817ce368,380.400,391.320,10.920000000000016
_ZXJdYe4bpE,outerwear,ad04672c,128.880,139.320,10.439999999999998
EJMaCyibnsM,outerwear,f90a773f,467.760,478.080,10.319999999999993
jzsiDRP5gXc,outerwear,69cee71b,316.560,326.880,10.319999999999993
EJMaCyibnsM,outerwear,8906edaf,467.760,478.080,10.319999999999993
EJMaCyibnsM,outerwear,8e9b1195,635.520,645.720,10.200000000000045
QYgKCy64CV0,outerwear,d79a44b4,148.440,158.640,10.199999999999989
FiJTenAqt5M,outerwear,5180dd09,139.200,148.920,9.719999999999999
UXR_bqyAy4E,outerwear,e005fc6f,547.080,556.680,9.599999999999909
EJMaCyibnsM,outerwear,ac80e589,323.280,332.640,9.360000000000014
UXR_bqyAy4E,outerwear,526d510a,373.080,382.080,9.0
5F1LC4QmkRA,outerwear,ae6a2b3a,18.960,27.960,9.0
UXR_bqyAy4E,outerwear,1426b8a2,373.080,382.080,9.0
jwqrVwh0ZpQ,outerwear,c737fe87,58.320,67.320,8.999999999999993
jzsiDRP5gXc,outerwear,99722c4d,363.840,372.720,8.880000000000052
UXR_bqyAy4E,outerwear,4883532b,120.000,128.880,8.879999999999995
FiJTenAqt5M,outerwear,d0093f75,140.160,148.920,8.759999999999991
8AcQ8C9xa-A,outerwear,e7f4e37e,190.200,198.600,8.400000000000006
8AcQ8C9xa-A,outerwear,49963b5b,502.440,510.720,8.28000000000003
8AcQ8C9xa-A,outerwear,d586a95d,447.240,455.520,8.279999999999973
8AcQ8C9xa-A,outerwear,80280b37,475.320,483.120,7.800000000000011
UXR_bqyAy4E,outerwear,2f26dc07,106.440,114.120,7.680000000000007
FiJTenAqt5M,outerwear,b7006ff8,35.400,42.960,7.560000000000002
QYgKCy64CV0,outerwear,f0e652a6,134.040,141.600,7.560000000000002
EJMaCyibnsM,outerwear,ce414808,547.320,554.880,7.559999999999945
EJMaCyibnsM,outerwear,2408c380,658.560,666.000,7.440000000000055
jzsiDRP5gXc,outerwear,4da56ae0,380.520,387.960,7.439999999999998
p59ZDdxszkk,outerwear,25c4b4fc,443.040,450.480,7.439999999999998
WlLChq8FUxY,outerwear,d129e5d2,145.800,153.240,7.439999999999998
8AcQ8C9xa-A,outerwear,429d282c,165.120,172.440,7.319999999999993
CcauXrkQNak,outerwear,a1c538de,149.349,156.556,7.2072
p59ZDdxszkk,outerwear,bc93a8ed,443.400,450.360,6.960000000000036
8AcQ8C9xa-A,outerwear,9b1217d1,364.920,371.880,6.9599999999999795
p59ZDdxszkk,outerwear,7f814ec4,154.200,161.040,6.840000000000003
5VPmpRR09ZU,outerwear,233aa19d,221.760,228.600,6.840000000000003
FiJTenAqt5M,outerwear,3810f5b5,73.680,80.400,6.719999999999999
EJMaCyibnsM,outerwear,6e1eab7a,428.160,434.760,6.599999999999966
CcauXrkQNak,outerwear,5aa326ba,25.425,31.932,6.506499999999999
EJMaCyibnsM,outerwear,8f61a5f6,391.080,397.560,6.480000000000018
8AcQ8C9xa-A,outerwear,eaf34031,158.160,164.640,6.47999999999999
EJMaCyibnsM,outerwear,2fc7dfd5,374.160,380.640,6.479999999999961
8AcQ8C9xa-A,outerwear,f94eaa75,321.240,327.600,6.360000000000014
EJMaCyibnsM,outerwear,f174b06c,543.720,549.840,6.1200000000000045
jzsiDRP5gXc,outerwear,b6a39f3e,605.040,611.040,6.0
jzsiDRP5gXc,outerwear,187f7d9f,605.040,611.040,6.0
jzsiDRP5gXc,outerwear,82a3dfae,615.960,621.960,6.0
QYgKCy64CV0,outerwear,be08db1d,51.120,57.000,5.880000000000003
5VPmpRR09ZU,outerwear,b2e1c57f,382.920,388.800,5.8799999999999955
8AcQ8C9xa-A,outerwear,5b753175,328.320,334.080,5.759999999999991
EJMaCyibnsM,outerwear,06220e77,434.880,440.640,5.759999999999991
_ZXJdYe4bpE,outerwear,74197b04,188.160,193.800,5.640000000000015
p59ZDdxszkk,tie,f37879a1,190.560,442.920,252.36
p59ZDdxszkk,tie,ebf2bdac,463.560,576.480,112.92000000000002
p59ZDdxszkk,tie,f0eb63a8,86.520,154.080,67.56000000000002
p59ZDdxszkk,tie,6cb0a8bc,7.080,63.720,56.64
8AcQ8C9xa-A,tie,44a5e560,430.080,483.240,53.160000000000025
8AcQ8C9xa-A,tie,d9985b98,382.560,429.960,47.39999999999998
FiJTenAqt5M,tie,862e6211,149.040,193.560,44.52000000000001
UXR_bqyAy4E,tie,28e9c09a,659.400,702.120,42.72000000000003
UXR_bqyAy4E,tie,b1100b07,595.560,636.840,41.280000000000086
UXR_bqyAy4E,tie,4289763a,7.680,45.600,37.92
UXR_bqyAy4E,tie,2204a842,255.240,292.680,37.44
FiJTenAqt5M,tie,10f99227,43.800,73.320,29.519999999999996
UXR_bqyAy4E,tie,28c8077d,191.280,220.560,29.28
UXR_bqyAy4E,tie,7deb404a,191.280,220.560,29.28
UXR_bqyAy4E,tie,97515cc4,191.280,220.560,29.28
EJMaCyibnsM,tie,31cb577c,572.880,601.800,28.91999999999996
FiJTenAqt5M,tie,ae8c546c,122.040,148.920,26.87999999999998
WlLChq8FUxY,tie,18992835,246.600,273.120,26.52000000000001
WlLChq8FUxY,tie,1cf761d2,221.040,246.480,25.439999999999998
p59ZDdxszkk,tie,9167c7cd,161.160,183.840,22.680000000000007
5VPmpRR09ZU,tie,2e8402e9,422.640,443.040,20.400000000000034
5VPmpRR09ZU,tie,415641d6,422.640,443.040,20.400000000000034
5VPmpRR09ZU,tie,b111afac,157.920,178.200,20.28
EJMaCyibnsM,tie,d1ae8743,601.920,621.600,19.680000000000064
UXR_bqyAy4E,tie,e7882580,292.800,312.240,19.439999999999998
8AcQ8C9xa-A,tie,d6b55fd9,357.720,376.680,18.95999999999998
8AcQ8C9xa-A,tie,c2b66dbe,483.360,501.720,18.360000000000014
5VPmpRR09ZU,tie,75bcb913,581.160,599.160,18.0
5F1LC4QmkRA,tie,b1da003a,0.000,18.000,18.0
5VPmpRR09ZU,tie,7f7d7609,564.120,581.040,16.91999999999996
8AcQ8C9xa-A,tie,651d3971,501.840,517.920,16.079999999999984
UXR_bqyAy4E,tie,cf76290e,579.960,596.040,16.079999999999927
UXR_bqyAy4E,tie,17a93100,230.760,246.720,15.960000000000008
WlLChq8FUxY,tie,0eb9ba61,178.920,194.520,15.600000000000023
QYgKCy64CV0,tie,41e36025,126.120,141.600,15.47999999999999
5VPmpRR09ZU,tie,60cc87ab,244.920,260.160,15.240000000000038
EJMaCyibnsM,tie,1fa8052e,153.120,168.360,15.240000000000009
WlLChq8FUxY,tie,c82cd578,194.640,209.760,15.120000000000005
5VPmpRR09ZU,tie,5b5786d8,184.080,198.120,14.039999999999992
_ZXJdYe4bpE,tie,69acca35,65.400,78.480,13.079999999999998
FiJTenAqt5M,tie,f9a4e790,135.960,148.920,12.95999999999998
FiJTenAqt5M,tie,e0155432,94.680,107.520,12.83999999999999
FiJTenAqt5M,tie,d5f52510,94.680,107.520,12.83999999999999
WlLChq8FUxY,tie,dec11453,78.840,91.320,12.47999999999999
WlLChq8FUxY,tie,94a9ae0a,78.840,91.320,12.47999999999999
5F1LC4QmkRA,tie,39aa8694,18.600,30.960,12.36
_ZXJdYe4bpE,tie,1c2df2d7,282.600,294.960,12.359999999999957
jwqrVwh0ZpQ,tie,a1accdb5,94.680,106.920,12.239999999999995
EJMaCyibnsM,tie,eeff3dd8,174.480,186.600,12.120000000000005
5VPmpRR09ZU,tie,f84d2e71,62.640,74.520,11.879999999999995
QYgKCy64CV0,tie,86bcb4c7,107.880,119.160,11.280000000000001
QYgKCy64CV0,tie,76c36e55,107.880,119.160,11.280000000000001
WlLChq8FUxY,tie,95e0b4bc,209.880,220.920,11.039999999999992
FiJTenAqt5M,tie,e803e0a2,84.120,94.560,10.439999999999998
WlLChq8FUxY,tie,3ed92bb0,39.360,48.840,9.480000000000004
WlLChq8FUxY,tie,8f04d913,39.360,48.840,9.480000000000004
jwqrVwh0ZpQ,tie,b91f37a9,58.320,67.320,8.999999999999993
WlLChq8FUxY,tie,2a3a134b,67.440,76.080,8.64
_ZXJdYe4bpE,tie,998b19ce,179.520,188.040,8.519999999999982
8AcQ8C9xa-A,tie,2baf8d42,334.200,342.360,8.160000000000025
p59ZDdxszkk,tie,835fb569,450.840,458.880,8.04000000000002
8AcQ8C9xa-A,tie,bc9fbc23,178.080,185.880,7.799999999999983
8AcQ8C9xa-A,tie,c0b96629,178.080,185.880,7.799999999999983
FiJTenAqt5M,tie,94d1f554,114.240,121.920,7.680000000000007
QYgKCy64CV0,tie,fd8cdafb,73.560,81.000,7.439999999999998
_ZXJdYe4bpE,tie,49b47f7e,24.840,31.920,7.080000000000002
FiJTenAqt5M,tie,78617540,73.440,80.400,6.960000000000008
FiJTenAqt5M,tie,24c70c48,73.440,80.400,6.960000000000008
WlLChq8FUxY,tie,3c113e8a,57.360,64.320,6.959999999999994
WlLChq8FUxY,tie,db8b1687,57.360,64.320,6.959999999999994
EJMaCyibnsM,tie,e2ab8c4d,287.880,294.840,6.9599999999999795
p59ZDdxszkk,tie,28ace6b0,154.200,161.040,6.840000000000003
p59ZDdxszkk,tie,06fe3b16,67.320,74.040,6.720000000000013
QYgKCy64CV0,tie,b249ddc3,81.120,87.840,6.719999999999999
QYgKCy64CV0,tie,49ad41b3,81.120,87.840,6.719999999999999
_ZXJdYe4bpE,tie,d7320f1c,215.280,221.760,6.47999999999999
8AcQ8C9xa-A,tie,387feafe,347.400,353.760,6.360000000000014
8AcQ8C9xa-A,tie,5d988a60,328.320,334.080,5.759999999999991
WlLChq8FUxY,tie,2fb9f0c9,278.760,284.280,5.519999999999982
WlLChq8FUxY,tie,6b5868e5,273.240,278.640,5.399999999999977
UXR_bqyAy4E,tie,130da87c,558.720,563.760,5.039999999999964
8AcQ8C9xa-A,tie,f149acf1,342.480,347.280,4.7999999999999545
QYgKCy64CV0,tie,faaa194e,68.880,73.560,4.680000000000007
EJMaCyibnsM,tie,f769cbae,186.840,191.160,4.319999999999993
jwqrVwh0ZpQ,tie,c0403671,50.160,54.360,4.200000000000003
jwqrVwh0ZpQ,tie,ac696dd1,50.160,54.360,4.200000000000003
_ZXJdYe4bpE,tie,8fed8fee,53.880,58.080,4.199999999999996
UXR_bqyAy4E,tie,351d7e30,639.840,643.920,4.079999999999927
WlLChq8FUxY,tie,f05d9376,73.200,77.160,3.9599999999999937
8AcQ8C9xa-A,tie,a2e3eb9e,353.880,357.600,3.7200000000000273
jwqrVwh0ZpQ,tie,814337a8,54.480,58.200,3.720000000000006
jwqrVwh0ZpQ,tie,607019f3,54.480,58.200,3.720000000000006
jzsiDRP5gXc,tie,ebb5530e,88.800,92.400,3.6000000000000085
_ZXJdYe4bpE,tie,13defc7c,193.920,197.280,3.3600000000000136
8AcQ8C9xa-A,tie,02f55bdb,300.960,304.320,3.3600000000000136
6quOC6McLZU,tie,682d76d3,0.000,3.360,3.36
_ZXJdYe4bpE,tie,38845c23,54.720,58.080,3.3599999999999994
FiJTenAqt5M,tie,9745919c,77.160,80.400,3.240000000000009
jwqrVwh0ZpQ,tie,18d22a00,139.440,142.680,3.240000000000009
QYgKCy64CV0,tie,62c74a93,119.280,122.520,3.239999999999995
EJMaCyibnsM,hat,4d67dd7d,380.280,397.560,17.28000000000003
UXR_bqyAy4E,hat,37a4e7c3,355.680,372.360,16.680000000000007
5VPmpRR09ZU,hat,636d4f88,133.800,150.360,16.560000000000002
EJMaCyibnsM,hat,22190309,380.280,395.400,15.120000000000005
5VPmpRR09ZU,hat,29b34e34,221.760,234.120,12.360000000000014
jzsiDRP5gXc,hat,8f06af87,491.040,502.800,11.759999999999991
EJMaCyibnsM,hat,500568f1,348.960,360.600,11.640000000000043
EJMaCyibnsM,hat,3fa8b401,374.640,386.280,11.639999999999986
jzsiDRP5gXc,hat,8a8d3ef1,510.240,521.880,11.639999999999986
5VPmpRR09ZU,hat,a0dc96d9,136.080,147.720,11.639999999999986
5VPmpRR09ZU,hat,aa308bfd,134.040,145.320,11.280000000000001
jzsiDRP5gXc,hat,6f553bad,215.520,226.080,10.560000000000002
EJMaCyibnsM,hat,714e9850,338.520,348.840,10.319999999999993
QYgKCy64CV0,hat,4f3cdf8f,92.520,102.360,9.840000000000003
EJMaCyibnsM,hat,44108f89,679.680,689.400,9.720000000000027
_ZXJdYe4bpE,hat,cdf8659e,178.680,188.040,9.359999999999985
UXR_bqyAy4E,hat,9ebad5c1,119.760,128.880,9.11999999999999
QYgKCy64CV0,hat,d07f06d5,92.520,101.040,8.52000000000001
jzsiDRP5gXc,hat,937ec043,475.920,483.720,7.800000000000011
5VPmpRR09ZU,hat,7c9f6d53,143.280,150.360,7.0800000000000125
UXR_bqyAy4E,hat,e2e8ab5f,122.040,128.880,6.839999999999989
jwqrVwh0ZpQ,hat,a1bfbd02,67.440,74.160,6.719999999999999
EJMaCyibnsM,hat,9a1c61e6,668.880,675.360,6.480000000000018
EJMaCyibnsM,hat,b415f814,128.160,134.640,6.47999999999999
6quOC6McLZU,hat,7496a0e5,4.200,10.560,6.36
jzsiDRP5gXc,hat,f9c09351,698.880,705.120,6.240000000000009
_ZXJdYe4bpE,hat,537c4974,331.080,337.320,6.240000000000009
p59ZDdxszkk,hat,d8b48796,443.040,449.280,6.239999999999952
6quOC6McLZU,hat,40691abe,4.680,10.800,6.120000000000001
CcauXrkQNak,hat,d52a7060,26.126,32.232,6.106099999999998
5F1LC4QmkRA,hat,a97ecc3b,44.760,50.640,5.880000000000003
_ZXJdYe4bpE,hat,4ed2ae98,318.240,324.120,5.8799999999999955
CcauXrkQNak,hat,4be8f6f1,195.696,201.501,5.8057999999999765
QYgKCy64CV0,hat,0fe410f0,97.080,102.840,5.760000000000005
6quOC6McLZU,hat,83e683b8,4.440,10.200,5.759999999999999
5F1LC4QmkRA,hat,d5501108,31.920,37.680,5.759999999999998
6quOC6McLZU,hat,5ec79ae4,109.560,115.320,5.759999999999991
CcauXrkQNak,hat,080f8d9e,208.408,214.114,5.705700000000007
jzsiDRP5gXc,hat,16cda8c2,228.600,234.240,5.640000000000015
6quOC6McLZU,hat,16de9265,5.160,10.800,5.640000000000001
QYgKCy64CV0,hat,0088482d,92.520,98.040,5.52000000000001
6quOC6McLZU,hat,83b7d9b8,96.960,102.360,5.400000000000006
5VPmpRR09ZU,hat,64e9aad8,373.200,378.480,5.28000000000003
jwqrVwh0ZpQ,hat,15ddfe87,77.520,82.800,5.280000000000001
jzsiDRP5gXc,hat,a3965ef5,242.400,247.680,5.280000000000001
QYgKCy64CV0,hat,1f2955ac,97.680,102.960,5.279999999999987
QYgKCy64CV0,hat,88d41328,97.680,102.960,5.279999999999987
jzsiDRP5gXc,hat,bb3a4959,685.440,690.720,5.279999999999973
QYgKCy64CV0,hat,44d716b5,97.200,102.360,5.159999999999997
_ZXJdYe4bpE,hat,a8698d36,12.000,17.040,5.039999999999999
EJMaCyibnsM,hat,5e9d0d23,333.480,338.400,4.919999999999959
UXR_bqyAy4E,hat,d2932621,366.360,371.160,4.800000000000011
5VPmpRR09ZU,hat,41abbdba,127.680,132.480,4.799999999999983
jzsiDRP5gXc,hat,de2470e4,505.440,510.120,4.680000000000007
UXR_bqyAy4E,hat,1c87f8b4,66.360,71.040,4.680000000000007
QYgKCy64CV0,hat,c8c17b5a,103.080,107.760,4.680000000000007
QYgKCy64CV0,hat,81f70d45,103.080,107.760,4.680000000000007
6quOC6McLZU,hat,027cb060,4.200,8.880,4.680000000000001
6quOC6McLZU,hat,51fe6f02,6.120,10.800,4.680000000000001
CcauXrkQNak,hat,07161094,28.529,33.133,4.604599999999998
EJMaCyibnsM,hat,f61b8a5c,381.720,386.160,4.439999999999998
QYgKCy64CV0,hat,35fc2e2c,103.080,107.520,4.439999999999998
5VPmpRR09ZU,hat,30308e34,132.840,137.280,4.439999999999998
QYgKCy64CV0,hat,c737fde3,92.520,96.720,4.200000000000003
QYgKCy64CV0,hat,79913ef4,98.040,102.120,4.079999999999998
UXR_bqyAy4E,hat,b719e5c8,67.080,71.160,4.079999999999998
6quOC6McLZU,hat,392f91f2,77.400,81.480,4.079999999999998
jzsiDRP5gXc,hat,25edeb84,234.960,239.040,4.079999999999984
jzsiDRP5gXc,hat,e9058607,582.360,586.320,3.9600000000000364
UXR_bqyAy4E,hat,db364339,67.200,71.160,3.9599999999999937
jzsiDRP5gXc,hat,c9ea3ec4,285.720,289.680,3.9599999999999795
EJMaCyibnsM,hat,e4a7881c,376.320,380.280,3.9599999999999795
EJMaCyibnsM,hat,212aa14b,376.320,380.280,3.9599999999999795
EJMaCyibnsM,hat,f0323a29,387.600,391.560,3.9599999999999795
EJMaCyibnsM,hat,4993a1e1,334.440,338.400,3.9599999999999795
jwqrVwh0ZpQ,hat,a1910cec,69.960,73.800,3.8400000000000034
6quOC6McLZU,hat,9aa3352e,6.720,10.560,3.8400000000000007
6quOC6McLZU,hat,b3be1f07,6.000,9.840,3.84
UXR_bqyAy4E,hat,c0a86cb9,420.720,424.560,3.839999999999975
CcauXrkQNak,hat,af25b923,149.149,152.953,3.8037999999999954
EJMaCyibnsM,hat,f06cd319,333.120,336.840,3.7199999999999704
5VPmpRR09ZU,hat,bfbdcb51,381.960,385.560,3.6000000000000227
jzsiDRP5gXc,hat,b73a9ddc,536.040,539.640,3.6000000000000227
QYgKCy64CV0,hat,d8f0e753,92.520,96.120,3.6000000000000085
6quOC6McLZU,hat,5815d85a,4.200,7.800,3.5999999999999996
8AcQ8C9xa-A,hat,e2ab87d7,221.520,225.120,3.5999999999999943
QYgKCy64CV0,hat,1f4f7e31,93.240,96.720,3.480000000000004
UXR_bqyAy4E,hat,326c867e,53.040,56.520,3.480000000000004
jwqrVwh0ZpQ,hat,dea30a11,70.680,74.160,3.4799999999999898
QYgKCy64CV0,hat,37dcedbe,99.480,102.960,3.4799999999999898
_ZXJdYe4bpE,hat,2d8ec39c,102.240,105.600,3.3599999999999994
UXR_bqyAy4E,hat,acd3abca,66.360,69.720,3.3599999999999994
EJMaCyibnsM,hat,a766ee68,201.840,205.080,3.240000000000009
5VPmpRR09ZU,hat,725ae9b5,147.000,150.240,3.240000000000009
8AcQ8C9xa-A,hat,8f0565d8,213.480,216.720,3.240000000000009
6quOC6McLZU,hat,11ea551b,7.560,10.800,3.240000000000001
6quOC6McLZU,hat,9dd73bac,7.080,10.320,3.24
EJMaCyibnsM,hat,b0b72349,374.160,377.400,3.2399999999999523
8AcQ8C9xa-A,hat,bd1f7d08,213.600,216.720,3.1200000000000045
QYgKCy64CV0,hat,cf63ad31,98.520,101.640,3.1200000000000045
_ZXJdYe4bpE,clothing,55d285c0,226.920,240.120,13.200000000000017
EJMaCyibnsM,clothing,83360656,679.680,689.400,9.720000000000027
jwqrVwh0ZpQ,clothing,4453305c,13.800,23.520,9.719999999999999
WlLChq8FUxY,clothing,eb9797b5,49.200,57.240,8.04
WlLChq8FUxY,clothing,df81ee23,49.200,57.240,8.04
UXR_bqyAy4E,clothing,4a2fa1ed,146.520,154.440,7.9199999999999875
jwqrVwh0ZpQ,clothing,d7139646,25.440,32.280,6.84
EJMaCyibnsM,clothing,27b6a1b4,417.600,424.440,6.839999999999975
5VPmpRR09ZU,clothing,56bb453b,376.560,383.280,6.71999999999997
WlLChq8FUxY,clothing,c370d12f,153.360,159.960,6.599999999999994
WlLChq8FUxY,clothing,ceea8c54,153.360,159.960,6.599999999999994
EJMaCyibnsM,clothing,c9d09375,8.520,14.760,6.24
UXR_bqyAy4E,clothing,2c555c17,144.960,150.720,5.759999999999991
EJMaCyibnsM,clothing,888ee67a,205.800,211.560,5.759999999999991
8AcQ8C9xa-A,clothing,5395b0a5,198.720,204.360,5.640000000000015
EJMaCyibnsM,clothing,f5d0b774,168.480,174.120,5.640000000000015
jwqrVwh0ZpQ,clothing,c3d9effd,77.160,82.680,5.52000000000001
jwqrVwh0ZpQ,clothing,7bb1a09c,68.640,74.160,5.519999999999996
FiJTenAqt5M,clothing,235c6275,101.760,107.040,5.280000000000001
jzsiDRP5gXc,clothing,f58cd25c,242.400,247.680,5.280000000000001
EJMaCyibnsM,clothing,f761abe0,206.280,211.560,5.280000000000001
jwqrVwh0ZpQ,clothing,4dab64fe,74.640,79.920,5.280000000000001
jwqrVwh0ZpQ,clothing,c1bb40d2,77.400,82.680,5.280000000000001
EJMaCyibnsM,clothing,ffe47587,621.720,627.000,5.279999999999973
EJMaCyibnsM,clothing,a79fc2fd,621.720,627.000,5.279999999999973
EJMaCyibnsM,clothing,6a749b25,621.720,627.000,5.279999999999973
EJMaCyibnsM,clothing,0dd31f9d,621.720,627.000,5.279999999999973
EJMaCyibnsM,clothing,d94fb2ea,206.280,211.440,5.159999999999997
UXR_bqyAy4E,clothing,978310ff,147.480,152.640,5.159999999999997
UXR_bqyAy4E,clothing,212f105f,147.600,152.760,5.159999999999997
EJMaCyibnsM,clothing,f1f62414,327.240,332.400,5.159999999999968
5VPmpRR09ZU,clothing,cece08f3,382.560,387.600,5.0400000000000205
QYgKCy64CV0,clothing,39021017,23.640,28.680,5.039999999999999
jwqrVwh0ZpQ,clothing,c23f1883,27.120,32.160,5.039999999999996
EJMaCyibnsM,clothing,0d2622a4,621.720,626.760,5.039999999999964
EJMaCyibnsM,clothing,60b6242a,168.480,173.400,4.920000000000016
jwqrVwh0ZpQ,clothing,f368f0a2,77.400,82.320,4.9199999999999875
CcauXrkQNak,clothing,9ef0a2bc,1.902,6.707,4.8048
jzsiDRP5gXc,clothing,28444ce1,421.920,426.720,4.800000000000011
CcauXrkQNak,clothing,fea49e73,1.902,6.607,4.704700000000001
EJMaCyibnsM,clothing,7bef27b0,230.160,234.840,4.680000000000007
jwqrVwh0ZpQ,clothing,a837fc9b,76.800,81.480,4.680000000000007
EJMaCyibnsM,clothing,26251fd1,197.040,201.720,4.680000000000007
EJMaCyibnsM,clothing,a60e023e,197.040,201.720,4.680000000000007
p59ZDdxszkk,clothing,5c8ca3bc,0.000,4.680,4.68
QYgKCy64CV0,clothing,8b27fbd1,170.160,174.720,4.560000000000002
QYgKCy64CV0,clothing,79f56046,170.160,174.720,4.560000000000002
QYgKCy64CV0,clothing,5258af5e,170.160,174.720,4.560000000000002
QYgKCy64CV0,clothing,4f5d554d,170.160,174.720,4.560000000000002
EJMaCyibnsM,clothing,c7d6c82c,206.160,210.720,4.560000000000002
p59ZDdxszkk,clothing,932ba0a0,443.040,447.600,4.560000000000002
EJMaCyibnsM,clothing,c9dc4f7c,197.040,201.600,4.560000000000002
EJMaCyibnsM,clothing,2cee5584,218.640,223.080,4.440000000000026
jwqrVwh0ZpQ,clothing,b177e4de,77.400,81.840,4.439999999999998
EJMaCyibnsM,clothing,d3fd8809,230.160,234.600,4.439999999999998
UXR_bqyAy4E,clothing,2e21e64c,71.880,76.320,4.439999999999998
UXR_bqyAy4E,clothing,a5a8c73b,71.880,76.200,4.320000000000007
UXR_bqyAy4E,clothing,aa67629d,71.880,76.200,4.320000000000007
UXR_bqyAy4E,clothing,0090381e,478.440,482.760,4.319999999999993
EJMaCyibnsM,clothing,658366a7,206.160,210.480,4.319999999999993
EJMaCyibnsM,clothing,1bf52819,622.440,626.760,4.319999999999936
UXR_bqyAy4E,clothing,5efbc9a1,71.880,76.080,4.200000000000003
jwqrVwh0ZpQ,clothing,aaa66bf4,25.440,29.640,4.199999999999999
p59ZDdxszkk,clothing,bedd4ac9,459.000,463.200,4.199999999999989
p59ZDdxszkk,clothing,3f59c270,459.240,463.440,4.199999999999989
QYgKCy64CV0,clothing,29ce323e,170.520,174.720,4.199999999999989
EJMaCyibnsM,clothing,f5d05889,327.000,331.200,4.199999999999989
QYgKCy64CV0,clothing,35e8914c,103.080,107.160,4.079999999999998
UXR_bqyAy4E,clothing,8ae934d1,71.880,75.960,4.079999999999998
jwqrVwh0ZpQ,clothing,03acdddd,74.280,78.360,4.079999999999998
WlLChq8FUxY,clothing,76157e92,53.040,57.120,4.079999999999998
EJMaCyibnsM,clothing,1fa079e3,675.480,679.560,4.079999999999927
EJMaCyibnsM,clothing,10c4c93b,675.480,679.560,4.079999999999927
EJMaCyibnsM,clothing,9c504a20,230.880,234.840,3.960000000000008
8AcQ8C9xa-A,clothing,bc4e56e2,186.000,189.960,3.960000000000008
QYgKCy64CV0,clothing,d428c41c,23.760,27.720,3.9599999999999973
WlLChq8FUxY,clothing,5ba58faa,49.200,53.160,3.9599999999999937
EJMaCyibnsM,clothing,717905e5,370.200,374.040,3.840000000000032
QYgKCy64CV0,clothing,da16e224,170.880,174.720,3.8400000000000034
UXR_bqyAy4E,clothing,e0fabc7f,71.880,75.720,3.8400000000000034
EJMaCyibnsM,clothing,51fdce12,370.320,374.040,3.7200000000000273
UXR_bqyAy4E,clothing,9d18f985,72.600,76.320,3.719999999999999
UXR_bqyAy4E,clothing,bc2ceae2,71.880,75.600,3.719999999999999
jwqrVwh0ZpQ,clothing,14314710,76.800,80.520,3.719999999999999
p59ZDdxszkk,clothing,7f3a6b95,459.480,463.200,3.7199999999999704
p59ZDdxszkk,clothing,29c4c761,443.400,447.000,3.6000000000000227
UXR_bqyAy4E,clothing,9a959f20,320.880,324.360,3.480000000000018
jzsiDRP5gXc,clothing,320645c0,261.240,264.720,3.480000000000018
WlLChq8FUxY,clothing,5ee1399f,113.520,117.000,3.480000000000004
WlLChq8FUxY,clothing,5772f999,113.520,117.000,3.480000000000004
5VPmpRR09ZU,clothing,4c580a35,198.240,201.720,3.4799999999999898
8AcQ8C9xa-A,clothing,190b65e4,172.560,176.040,3.4799999999999898
5VPmpRR09ZU,clothing,591e9696,198.240,201.720,3.4799999999999898
8AcQ8C9xa-A,clothing,ede8c957,127.680,131.160,3.4799999999999898
5VPmpRR09ZU,clothing,c4e33de9,198.240,201.720,3.4799999999999898
EJMaCyibnsM,clothing,554b5342,366.600,370.080,3.4799999999999613
EJMaCyibnsM,clothing,481d0f8a,366.600,370.080,3.4799999999999613
UXR_bqyAy4E,clothing,bd7d36d3,321.000,324.360,3.3600000000000136
EJMaCyibnsM,clothing,babac948,206.160,209.520,3.3600000000000136
QYgKCy64CV0,clothing,10976f90,122.640,126.000,3.3599999999999994
8AcQ8C9xa-A,pants,2645ddcb,0.000,103.080,103.08
UXR_bqyAy4E,pants,97442952,536.160,556.680,20.519999999999982
8AcQ8C9xa-A,pants,b156c104,108.600,127.440,18.840000000000003
UXR_bqyAy4E,pants,b01d5787,517.680,534.480,16.800000000000068
UXR_bqyAy4E,pants,14550ba2,0.960,11.880,10.920000000000002
UXR_bqyAy4E,pants,3bc18302,505.440,516.000,10.560000000000002
5VPmpRR09ZU,pants,ce9f08ab,373.440,382.320,8.879999999999995
WlLChq8FUxY,pants,a93bab3b,145.800,153.240,7.439999999999998
CcauXrkQNak,pants,22cd4ddc,149.149,156.456,7.307299999999998
UXR_bqyAy4E,pants,b5067c8a,317.160,324.360,7.199999999999989
jzsiDRP5gXc,pants,8a874291,373.320,380.280,6.9599999999999795
_ZXJdYe4bpE,pants,ce8e7f9c,91.320,98.160,6.840000000000003
EJMaCyibnsM,pants,2fb5b19c,417.600,424.440,6.839999999999975
EJMaCyibnsM,pants,82f09115,417.600,424.440,6.839999999999975
UXR_bqyAy4E,pants,320e7ade,24.120,30.840,6.719999999999999
5VPmpRR09ZU,pants,c34891d8,0.000,6.600,6.6
5VPmpRR09ZU,pants,b4b07a87,381.240,387.840,6.599999999999966
EJMaCyibnsM,pants,6054f67e,321.840,328.080,6.240000000000009
EJMaCyibnsM,pants,b6d3c4b6,321.840,328.080,6.240000000000009
UXR_bqyAy4E,pants,a032df93,13.440,19.560,6.119999999999999
_ZXJdYe4bpE,pants,aa92a6dd,122.520,128.640,6.11999999999999
WlLChq8FUxY,pants,3004c780,153.360,159.480,6.119999999999976
jzsiDRP5gXc,pants,b52cb542,388.080,394.080,6.0
CcauXrkQNak,pants,c59b5c4b,4.705,10.611,5.9059
WlLChq8FUxY,pants,bb5f018a,153.360,159.240,5.8799999999999955
jzsiDRP5gXc,pants,6ac2ef34,388.200,394.080,5.8799999999999955
WlLChq8FUxY,pants,10bc8bbd,153.360,159.000,5.639999999999986
jzsiDRP5gXc,pants,6fb0be3e,380.520,385.800,5.28000000000003
jzsiDRP5gXc,pants,1291a6a3,228.600,233.880,5.280000000000001
UXR_bqyAy4E,pants,38f0a293,121.560,126.720,5.159999999999997
EJMaCyibnsM,pants,1e340ad6,333.120,338.160,5.0400000000000205
EJMaCyibnsM,pants,34ae39ce,321.840,326.880,5.0400000000000205
EJMaCyibnsM,pants,1b8d159c,428.160,433.200,5.039999999999964
CcauXrkQNak,pants,4b2318f6,87.888,92.893,5.0049999999999955
8AcQ8C9xa-A,pants,073be2a5,240.960,245.880,4.9199999999999875
EJMaCyibnsM,pants,f1fbfdde,333.360,338.160,4.800000000000011
jzsiDRP5gXc,pants,22b2f731,345.720,350.520,4.7999999999999545
CcauXrkQNak,pants,5dc2d9a5,149.950,154.655,4.7047000000000025
UXR_bqyAy4E,pants,e3a5fa11,355.680,360.360,4.680000000000007
EJMaCyibnsM,pants,18e7238c,564.120,568.800,4.67999999999995
_ZXJdYe4bpE,pants,7e8ddbcd,12.600,17.040,4.4399999999999995
EJMaCyibnsM,pants,08ee38b7,418.920,423.360,4.439999999999998
WlLChq8FUxY,pants,b961881c,141.360,145.680,4.319999999999993
CcauXrkQNak,pants,0e8d4769,85.185,89.389,4.2042
_ZXJdYe4bpE,pants,be73b758,12.840,17.040,4.199999999999999
EJMaCyibnsM,pants,9200508f,429.240,433.440,4.199999999999989
WlLChq8FUxY,pants,43a500c8,153.360,157.560,4.199999999999989
UXR_bqyAy4E,pants,6e52e18f,514.200,518.400,4.199999999999932
CcauXrkQNak,pants,1627aac4,169.469,173.573,4.104099999999988
6quOC6McLZU,pants,b715dfe4,0.000,4.080,4.08
6quOC6McLZU,pants,fda3eb8a,0.000,4.080,4.08
CcauXrkQNak,pants,c38b4c32,81.181,85.185,4.004000000000005
CcauXrkQNak,pants,0c79d7e0,175.776,179.780,4.003999999999991
EJMaCyibnsM,pants,f1482aa3,321.840,325.800,3.9600000000000364
WlLChq8FUxY,pants,769906d7,153.840,157.800,3.960000000000008
jzsiDRP5gXc,pants,8787c4f6,346.560,350.520,3.9599999999999795
EJMaCyibnsM,pants,91bbcf64,691.920,695.640,3.7200000000000273
UXR_bqyAy4E,pants,eb96d75b,368.160,371.880,3.7199999999999704
CcauXrkQNak,pants,f8f5c478,115.816,119.419,3.6036
jzsiDRP5gXc,pants,adbd54fc,536.040,539.640,3.6000000000000227
WlLChq8FUxY,pants,b5533aa3,154.440,158.040,3.5999999999999943
EJMaCyibnsM,pants,7b1ee586,370.200,373.680,3.480000000000018
UXR_bqyAy4E,pants,508160b2,39.840,43.320,3.479999999999997
EJMaCyibnsM,pants,dd07164f,39.840,43.320,3.479999999999997
UXR_bqyAy4E,pants,f4378603,125.400,128.880,3.4799999999999898
CcauXrkQNak,pants,c3eb227c,62.462,65.866,3.4033999999999907
EJMaCyibnsM,pants,b5134bb0,452.880,456.240,3.3600000000000136
EJMaCyibnsM,pants,94928920,321.960,325.320,3.3600000000000136
UXR_bqyAy4E,pants,936391c4,330.360,333.720,3.3600000000000136
EJMaCyibnsM,pants,740a4047,104.520,107.880,3.3599999999999994
5VPmpRR09ZU,pants,3f2db7e7,217.680,221.040,3.359999999999985
CcauXrkQNak,pants,7f7f9eb2,87.788,91.091,3.303299999999993
8AcQ8C9xa-A,pants,3c5416f6,373.320,376.560,3.240000000000009
jzsiDRP5gXc,pants,ce06c327,290.400,293.640,3.240000000000009
UXR_bqyAy4E,pants,541694d0,45.720,48.960,3.240000000000002
8AcQ8C9xa-A,pants,9e0750f8,127.680,130.920,3.2399999999999807
8AcQ8C9xa-A,pants,e7541048,128.040,131.160,3.1200000000000045
EJMaCyibnsM,pants,ac59cdb4,86.880,90.000,3.1200000000000045
EJMaCyibnsM,pants,c4b6faff,101.160,104.280,3.1200000000000045
UXR_bqyAy4E,pants,ba8da6e8,366.360,369.480,3.1200000000000045
WlLChq8FUxY,pants,784a6b4d,139.560,142.680,3.1200000000000045
EJMaCyibnsM,pants,545f7566,86.880,90.000,3.1200000000000045
jzsiDRP5gXc,pants,1ce7ca43,377.280,380.400,3.1200000000000045
CcauXrkQNak,pants,1502bc7d,154.554,157.657,3.103100000000012
CcauXrkQNak,pants,9eb5ffbe,177.978,180.981,3.002999999999986
UXR_bqyAy4E,pants,1e87870b,173.040,176.040,3.0
EJMaCyibnsM,pants,f949e8d0,106.080,109.080,3.0
jzsiDRP5gXc,pants,89e26e6e,264.960,267.960,3.0
8AcQ8C9xa-A,pants,2d232c31,103.200,106.200,3.0
EJMaCyibnsM,pants,824f08b7,86.880,89.880,3.0
UXR_bqyAy4E,pants,1546f55f,366.120,369.120,3.0
EJMaCyibnsM,pants,22969061,118.560,121.560,3.0
EJMaCyibnsM,pants,4e9bc3a9,692.640,695.640,3.0
EJMaCyibnsM,pants,9bbb636a,125.040,128.040,2.999999999999986
EJMaCyibnsM,pants,e7fad1dc,437.280,440.160,2.8800000000000523
EJMaCyibnsM,pants,3be8076e,333.120,336.000,2.8799999999999955
EJMaCyibnsM,pants,e3d815f4,288.120,291.000,2.8799999999999955
EJMaCyibnsM,pants,582bee76,428.160,431.040,2.8799999999999955
5VPmpRR09ZU,pants,573f7a76,120.360,123.240,2.8799999999999955
8AcQ8C9xa-A,pants,cc559686,128.280,131.160,2.8799999999999955
p59ZDdxszkk,suit,0280d0bd,190.920,290.160,99.24000000000004
p59ZDdxszkk,suit,96e4b9b2,0.000,63.720,63.72
p59ZDdxszkk,suit,e96c7fb2,99.240,154.680,55.44000000000001
FiJTenAqt5M,suit,05db600b,149.040,193.560,44.52000000000001
p59ZDdxszkk,suit,d52287d7,291.720,330.960,39.23999999999995
p59ZDdxszkk,suit,eb55ab01,161.160,183.840,22.680000000000007
5VPmpRR09ZU,suit,aacc892b,157.920,178.200,20.28
EJMaCyibnsM,suit,185fb0e6,536.040,554.880,18.840000000000032
8AcQ8C9xa-A,suit,f0ff6112,285.240,300.840,15.599999999999966
5VPmpRR09ZU,suit,6ad0baad,244.920,260.160,15.240000000000038
EJMaCyibnsM,suit,46058aa2,153.360,168.360,15.0
5VPmpRR09ZU,suit,d550785d,184.080,198.120,14.039999999999992
UXR_bqyAy4E,suit,c7480eab,258.480,271.680,13.199999999999989
FiJTenAqt5M,suit,2562c22b,94.680,107.520,12.83999999999999
p59ZDdxszkk,suit,89932aaf,86.400,99.000,12.599999999999994
QYgKCy64CV0,suit,786a7a6a,68.880,81.000,12.120000000000005
FiJTenAqt5M,suit,659be4bd,96.600,107.520,10.920000000000002
QYgKCy64CV0,suit,e6012a66,28.800,37.680,8.879999999999999
5VPmpRR09ZU,suit,12e2314e,53.520,62.280,8.759999999999998
p59ZDdxszkk,suit,d965267a,450.840,458.880,8.04000000000002
jwqrVwh0ZpQ,suit,af2ccbec,1.680,9.720,8.040000000000001
EJMaCyibnsM,suit,9d72921a,110.400,118.440,8.039999999999992
p59ZDdxszkk,suit,d9bcebf3,443.040,450.720,7.680000000000007
p59ZDdxszkk,suit,512e8c9a,443.040,450.720,7.680000000000007
FiJTenAqt5M,suit,f2a647fd,114.240,121.920,7.680000000000007
FiJTenAqt5M,suit,fa819003,123.120,130.560,7.439999999999998
UXR_bqyAy4E,suit,09e1c8aa,280.200,287.520,7.319999999999993
FiJTenAqt5M,suit,32aa007f,100.320,107.520,7.200000000000003
FiJTenAqt5M,suit,10bb9dfa,73.680,80.400,6.719999999999999
jwqrVwh0ZpQ,suit,803e2fd5,98.880,105.600,6.719999999999999
WlLChq8FUxY,suit,a76c5733,153.360,159.960,6.599999999999994
UXR_bqyAy4E,suit,1dd53671,211.320,217.440,6.1200000000000045
EJMaCyibnsM,suit,9d2fb2be,590.880,596.880,6.0
8AcQ8C9xa-A,suit,ee55317d,198.720,204.720,6.0
8AcQ8C9xa-A,suit,e7a567f0,198.720,204.720,6.0
8AcQ8C9xa-A,suit,483402dc,172.560,177.960,5.400000000000006
8AcQ8C9xa-A,suit,c92110e7,172.560,177.960,5.400000000000006
8AcQ8C9xa-A,suit,78a03e60,172.560,177.840,5.280000000000001
FiJTenAqt5M,suit,c13a7532,123.120,128.040,4.9199999999999875
EJMaCyibnsM,suit,154c1d9d,574.560,579.360,4.800000000000068
UXR_bqyAy4E,suit,5edce369,224.040,228.720,4.680000000000007
UXR_bqyAy4E,suit,ef6016a2,223.320,228.000,4.680000000000007
WlLChq8FUxY,suit,9deb7daf,51.720,56.280,4.560000000000002
8AcQ8C9xa-A,suit,a551d0bc,173.760,177.960,4.200000000000017
jzsiDRP5gXc,suit,54483daf,546.000,550.080,4.080000000000041
6quOC6McLZU,suit,053a4869,0.000,4.080,4.08
UXR_bqyAy4E,suit,b88910c0,639.840,643.920,4.079999999999927
jwqrVwh0ZpQ,suit,8b9fb295,54.480,58.200,3.720000000000006
jwqrVwh0ZpQ,suit,af7aa95b,54.480,58.200,3.720000000000006
WlLChq8FUxY,suit,6cc691c0,153.360,157.080,3.719999999999999
jwqrVwh0ZpQ,suit,25c426ea,139.440,143.040,3.5999999999999943
8AcQ8C9xa-A,suit,eb1c6711,200.880,204.480,3.5999999999999943
UXR_bqyAy4E,suit,005343e0,251.280,254.880,3.5999999999999943
FiJTenAqt5M,suit,187a3fdb,96.600,99.960,3.3599999999999994
8AcQ8C9xa-A,suit,473e30d4,182.520,185.880,3.359999999999985
UXR_bqyAy4E,suit,571ab655,247.320,250.560,3.240000000000009
UXR_bqyAy4E,suit,d06dc421,702.240,705.480,3.240000000000009
8AcQ8C9xa-A,suit,4ff1dac0,174.840,177.960,3.1200000000000045
8AcQ8C9xa-A,suit,d14d9f27,172.560,175.680,3.1200000000000045
EJMaCyibnsM,suit,741c8633,581.640,584.640,3.0
jzsiDRP5gXc,suit,0c411d20,550.200,553.200,3.0
jwqrVwh0ZpQ,suit,a5fd4a03,143.520,146.520,3.0
WlLChq8FUxY,suit,38f78ee8,54.360,57.240,2.8800000000000026
jwqrVwh0ZpQ,suit,6e9263a7,32.400,34.920,2.520000000000003
FiJTenAqt5M,suit,0d8b8e64,81.480,84.000,2.519999999999996
jwqrVwh0ZpQ,suit,2c65cf0d,94.680,97.200,2.519999999999996
WlLChq8FUxY,suit,36ebf477,57.480,59.880,2.4000000000000057
jwqrVwh0ZpQ,suit,af8096c4,29.880,32.280,2.400000000000002
jwqrVwh0ZpQ,suit,3d20e4bf,24.960,27.360,2.3999999999999986
EJMaCyibnsM,suit,d2b420c0,422.040,424.440,2.3999999999999773
UXR_bqyAy4E,suit,ece05cf5,290.400,292.680,2.2800000000000296
FiJTenAqt5M,suit,443a2f29,134.520,136.800,2.280000000000001
WlLChq8FUxY,suit,8a1db83f,51.120,53.280,2.1600000000000037
UXR_bqyAy4E,suit,c962ad12,228.480,230.640,2.1599999999999966
WlLChq8FUxY,suit,93a15a33,215.040,217.080,2.0400000000000205
UXR_bqyAy4E,suit,804e8410,218.520,220.560,2.039999999999992
8AcQ8C9xa-A,suit,73da888c,198.960,200.880,1.9199999999999875
WlLChq8FUxY,suit,5ef6d9ae,71.400,73.320,1.9199999999999875
UXR_bqyAy4E,suit,d75259b1,246.960,248.880,1.9199999999999875
_ZXJdYe4bpE,suit,31f28c61,246.000,247.680,1.6800000000000068
jzsiDRP5gXc,suit,7a44d9b1,147.840,149.520,1.6800000000000068
CcauXrkQNak,suit,d6425ea9,114.815,116.416,1.6016000000000048
8AcQ8C9xa-A,suit,9a3e2310,204.840,206.400,1.5600000000000023
jwqrVwh0ZpQ,suit,25bc998a,4.200,5.760,1.5599999999999996
QYgKCy64CV0,suit,e44a7475,27.000,28.440,1.4400000000000013
jwqrVwh0ZpQ,suit,4dd11ce2,143.400,144.840,1.4399999999999977
UXR_bqyAy4E,suit,25f20606,655.800,657.120,1.32000000000005
jzsiDRP5gXc,suit,cdf0b002,548.280,549.600,1.32000000000005
WlLChq8FUxY,suit,c543e8d8,68.880,70.200,1.3200000000000074
WlLChq8FUxY,suit,889a6aff,247.680,249.000,1.3199999999999932
jzsiDRP5gXc,suit,7c4b6680,148.440,149.760,1.3199999999999932
EJMaCyibnsM,suit,97a8588a,598.560,599.760,1.2000000000000455
UXR_bqyAy4E,suit,4e27aac6,255.720,256.920,1.200000000000017
QYgKCy64CV0,suit,e5474478,42.120,43.320,1.2000000000000028
jzsiDRP5gXc,suit,c1ac7f00,148.440,149.520,1.0800000000000125
WlLChq8FUxY,suit,e2f66300,63.240,64.320,1.0799999999999912
UXR_bqyAy4E,suit,eabe4f7e,229.560,230.640,1.079999999999984
jwqrVwh0ZpQ,suit,8cda01b9,143.400,144.360,0.960000000000008
UXR_bqyAy4E,suit,c55d34f4,250.320,251.280,0.960000000000008
UXR_bqyAy4E,suit,0c95d8fe,705.600,706.440,0.8400000000000318
UXR_bqyAy4E,top,c0afdc47,486.360,544.320,57.960000000000036
WlLChq8FUxY,top,eb687547,0.000,38.160,38.16
FiJTenAqt5M,top,4e8b4a8d,0.000,35.280,35.28
UXR_bqyAy4E,top,ec12aebe,517.800,547.320,29.520000000000095
5VPmpRR09ZU,top,12646709,496.080,522.720,26.640000000000043
QYgKCy64CV0,top,f6ba17f0,0.000,22.800,22.8
WlLChq8FUxY,top,74df88bc,91.440,113.400,21.960000000000008
5VPmpRR09ZU,top,0430f1aa,422.400,443.040,20.640000000000043
5VPmpRR09ZU,top,8588dffb,560.520,581.040,20.519999999999982
5VPmpRR09ZU,top,18a5934c,280.920,300.120,19.19999999999999
UXR_bqyAy4E,top,6e88119d,535.800,554.760,18.960000000000036
WlLChq8FUxY,top,1734f572,160.680,178.800,18.120000000000005
5VPmpRR09ZU,top,d39e41dc,15.240,32.880,17.64
UXR_bqyAy4E,top,68502946,355.680,371.520,15.839999999999975
8AcQ8C9xa-A,top,ff90fa93,269.400,285.120,15.720000000000027
5VPmpRR09ZU,top,9f81caf9,38.760,53.280,14.520000000000003
WlLChq8FUxY,top,d9041a97,284.400,298.800,14.400000000000034
UXR_bqyAy4E,top,407b978f,473.160,486.240,13.079999999999984
UXR_bqyAy4E,top,fbb2566b,505.440,516.000,10.560000000000002
jzsiDRP5gXc,top,393bde27,215.640,226.080,10.440000000000026
jzsiDRP5gXc,top,aec34b09,522.000,531.240,9.240000000000009
_ZXJdYe4bpE,top,c78ac58a,148.800,156.600,7.799999999999983
jzsiDRP5gXc,top,e91a7aca,372.840,380.160,7.32000000000005
5VPmpRR09ZU,top,6f2d982f,7.800,15.120,7.319999999999999
jzsiDRP5gXc,top,b3ca5ee3,522.000,528.600,6.600000000000023
FiJTenAqt5M,top,320af5f5,107.640,114.120,6.480000000000004
UXR_bqyAy4E,top,dd3ee62b,505.200,511.440,6.240000000000009
5VPmpRR09ZU,top,5de8fd61,75.000,81.000,6.0
UXR_bqyAy4E,top,0895eb8b,551.040,556.680,5.639999999999986
jzsiDRP5gXc,top,44eaebcc,388.440,394.080,5.639999999999986
jzsiDRP5gXc,top,bec7d76c,233.400,239.040,5.639999999999986
UXR_bqyAy4E,top,0162334a,318.720,324.360,5.639999999999986
UXR_bqyAy4E,top,174fc054,513.720,519.360,5.639999999999986
jzsiDRP5gXc,top,dc003886,478.320,483.720,5.400000000000034
5VPmpRR09ZU,top,e9376897,0.000,5.400,5.4
jzsiDRP5gXc,top,22125fbe,228.600,233.880,5.280000000000001
UXR_bqyAy4E,top,a31b3759,523.080,528.360,5.279999999999973
5VPmpRR09ZU,top,0bae7ee9,3.360,8.400,5.040000000000001
jzsiDRP5gXc,top,e6afaab0,345.720,350.520,4.7999999999999545
CcauXrkQNak,top,b26cde28,87.487,92.192,4.7047000000000025
5VPmpRR09ZU,top,a676c0bb,485.040,489.720,4.680000000000007
5VPmpRR09ZU,top,d441d4aa,101.520,105.960,4.439999999999998
_ZXJdYe4bpE,top,3677f979,149.160,153.240,4.0800000000000125
WlLChq8FUxY,top,7ee4050a,155.760,159.720,3.960000000000008
5VPmpRR09ZU,top,ba4ae6c8,502.680,506.640,3.9599999999999795
8AcQ8C9xa-A,top,1afa1539,204.840,208.680,3.8400000000000034
jzsiDRP5gXc,top,53bd6353,360.000,363.720,3.7200000000000273
CcauXrkQNak,top,f6c34a6d,171.371,175.075,3.703700000000026
CcauXrkQNak,top,99c47d71,81.381,84.985,3.6036
jzsiDRP5gXc,top,4b421282,413.280,416.880,3.6000000000000227
QYgKCy64CV0,top,233a8398,103.080,106.680,3.6000000000000085
jzsiDRP5gXc,top,c7671bfc,293.760,297.240,3.480000000000018
jzsiDRP5gXc,top,26746c34,211.680,215.160,3.4799999999999898
UXR_bqyAy4E,top,60a142b8,330.600,334.080,3.4799999999999613
jzsiDRP5gXc,top,3be1c756,475.920,479.400,3.4799999999999613
5VPmpRR09ZU,top,3c010873,492.600,495.960,3.359999999999957
jzsiDRP5gXc,top,0898a4e6,429.000,432.240,3.240000000000009
EJMaCyibnsM,top,b33fa46d,456.360,459.600,3.240000000000009
CcauXrkQNak,top,e3cab49c,168.869,172.072,3.2032000000000096
jzsiDRP5gXc,top,4a23de7e,290.160,293.280,3.1199999999999477
jzsiDRP5gXc,top,3108a25a,517.200,520.200,3.0
8AcQ8C9xa-A,top,ea477d0b,217.680,220.680,3.0
5VPmpRR09ZU,top,721a1b4e,120.240,123.240,3.0
5VPmpRR09ZU,top,4dc15993,484.200,487.080,2.8799999999999955
EJMaCyibnsM,top,da2af4b7,453.000,455.880,2.8799999999999955
CcauXrkQNak,top,a248925d,81.181,83.984,2.802800000000005
CcauXrkQNak,top,f53842c8,155.155,157.958,2.8027999999999906
5VPmpRR09ZU,top,1a5addab,242.040,244.800,2.7600000000000193
jzsiDRP5gXc,top,be3b5b26,24.000,26.760,2.7600000000000016
jzsiDRP5gXc,top,685ce8dc,239.520,242.280,2.759999999999991
CcauXrkQNak,top,1714fabd,81.381,83.984,2.6026000000000096
jzsiDRP5gXc,top,3afc4154,336.960,339.480,2.5200000000000387
EJMaCyibnsM,top,e2064304,99.240,101.760,2.5200000000000102
5VPmpRR09ZU,top,abdf32b4,11.520,14.040,2.5199999999999996
6quOC6McLZU,top,0bfb49eb,59.640,62.160,2.519999999999996
jwqrVwh0ZpQ,top,d4330da6,0.120,2.520,2.4
5VPmpRR09ZU,top,df0ea8d9,265.080,267.360,2.2800000000000296
jzsiDRP5gXc,top,1cf61a06,226.200,228.480,2.280000000000001
jzsiDRP5gXc,top,d9c0d1f9,339.600,341.880,2.2799999999999727
UXR_bqyAy4E,top,e71bac19,516.600,518.880,2.2799999999999727
8AcQ8C9xa-A,top,5afd96b4,373.920,376.080,2.159999999999968
jzsiDRP5gXc,top,b6e89529,468.480,470.640,2.159999999999968
CcauXrkQNak,top,99799c57,89.089,91.191,2.102100000000007
5VPmpRR09ZU,top,eb0a99fe,101.520,103.560,2.0400000000000063
QYgKCy64CV0,top,d81ef415,100.800,102.840,2.0400000000000063
5VPmpRR09ZU,top,b8f64ccf,86.400,88.440,2.039999999999992
jzsiDRP5gXc,top,4aacd80f,74.280,76.320,2.039999999999992
EJMaCyibnsM,top,73f12d82,126.000,128.040,2.039999999999992
5VPmpRR09ZU,top,8feb6a4e,121.200,123.240,2.039999999999992
CcauXrkQNak,top,6be9a2a2,81.381,83.283,1.9018999999999977
CcauXrkQNak,top,612eb964,65.966,67.768,1.8018
CcauXrkQNak,top,81b94348,140.641,142.442,1.8017999999999859
EJMaCyibnsM,top,ae8e60f7,456.360,458.160,1.8000000000000114
8AcQ8C9xa-A,top,9d689de3,304.560,306.360,1.8000000000000114
5VPmpRR09ZU,top,1273ca62,7.440,9.240,1.7999999999999998
EJMaCyibnsM,top,a71db1cd,99.720,101.520,1.7999999999999972
FiJTenAqt5M,top,d85fccc1,193.680,195.480,1.799999999999983
jzsiDRP5gXc,top,f84ee156,334.440,336.120,1.6800000000000068
jzsiDRP5gXc,top,42c23a8d,266.280,267.960,1.6800000000000068
UXR_bqyAy4E,top,904b9f58,157.440,159.120,1.6800000000000068
WlLChq8FUxY,packaged goods,02f2f3db,5.040,38.160,33.12
8AcQ8C9xa-A,packaged goods,21064340,399.720,429.960,30.239999999999952
WlLChq8FUxY,packaged goods,cf30e933,91.440,113.400,21.960000000000008
WlLChq8FUxY,packaged goods,85d017df,91.440,113.400,21.960000000000008
8AcQ8C9xa-A,packaged goods,794c48d0,357.720,376.680,18.95999999999998
8AcQ8C9xa-A,packaged goods,ae44f8c6,483.360,501.720,18.360000000000014
WlLChq8FUxY,packaged goods,0daebda3,160.680,178.800,18.120000000000005
QYgKCy64CV0,packaged goods,300edb2f,126.120,141.600,15.47999999999999
8AcQ8C9xa-A,packaged goods,3572d223,220.920,236.160,15.240000000000009
WlLChq8FUxY,packaged goods,cde75809,284.400,298.800,14.400000000000034
WlLChq8FUxY,packaged goods,f6411d60,284.400,298.800,14.400000000000034
5VPmpRR09ZU,packaged goods,c472b9a7,39.000,53.280,14.280000000000001
8AcQ8C9xa-A,packaged goods,5eb0d887,250.560,264.360,13.800000000000011
5VPmpRR09ZU,packaged goods,43139157,62.640,74.880,12.239999999999995
8AcQ8C9xa-A,packaged goods,c944c0e2,382.560,392.880,10.319999999999993
CcauXrkQNak,packaged goods,45cdd517,69.870,79.980,10.110100000000003
WlLChq8FUxY,packaged goods,0e297f93,169.320,178.800,9.480000000000018
CcauXrkQNak,packaged goods,42c7bf42,93.894,103.103,9.209199999999996
WlLChq8FUxY,packaged goods,3fdc6b81,82.680,91.080,8.399999999999991
WlLChq8FUxY,packaged goods,d21c630d,3.600,11.880,8.280000000000001
8AcQ8C9xa-A,packaged goods,ff9a5271,334.200,342.360,8.160000000000025
8AcQ8C9xa-A,packaged goods,340ca5d6,178.080,185.880,7.799999999999983
WlLChq8FUxY,packaged goods,2cdfee01,161.040,168.120,7.0800000000000125
WlLChq8FUxY,packaged goods,ae413158,18.000,24.960,6.960000000000001
WlLChq8FUxY,packaged goods,8bd4e0a0,57.360,64.320,6.959999999999994
EJMaCyibnsM,packaged goods,cf41a004,710.640,717.480,6.840000000000032
QYgKCy64CV0,packaged goods,57147485,107.880,114.720,6.840000000000003
QYgKCy64CV0,packaged goods,91fee014,81.120,87.840,6.719999999999999
8AcQ8C9xa-A,packaged goods,8240b99a,347.400,353.760,6.360000000000014
_ZXJdYe4bpE,packaged goods,442ed03e,133.320,139.320,6.0
WlLChq8FUxY,packaged goods,527f0bbd,67.440,73.080,5.640000000000001
8AcQ8C9xa-A,packaged goods,49da5e5b,328.440,334.080,5.639999999999986
_ZXJdYe4bpE,packaged goods,df1d4304,265.560,271.200,5.639999999999986
EJMaCyibnsM,packaged goods,240b5944,129.240,134.640,5.399999999999977
DUyv6voIQOI,packaged goods,c9048684,0.000,5.280,5.28
DUyv6voIQOI,packaged goods,fd822b74,0.120,5.280,5.16
DUyv6voIQOI,packaged goods,b548987e,50.280,55.440,5.159999999999997
8AcQ8C9xa-A,packaged goods,0c23cdc4,181.080,185.880,4.799999999999983
8AcQ8C9xa-A,packaged goods,180759d8,342.480,347.280,4.7999999999999545
jzsiDRP5gXc,packaged goods,1669fd31,228.600,233.280,4.680000000000007
5VPmpRR09ZU,packaged goods,b2cc34e7,459.600,464.280,4.67999999999995
5VPmpRR09ZU,packaged goods,a4cf647f,28.320,32.880,4.560000000000002
DUyv6voIQOI,packaged goods,27c60918,0.000,4.440,4.44
5VPmpRR09ZU,packaged goods,1a84c6f2,459.960,464.280,4.319999999999993
jzsiDRP5gXc,packaged goods,f1108470,219.600,223.920,4.319999999999993
jzsiDRP5gXc,packaged goods,ba8dedfc,88.080,92.280,4.200000000000003
jzsiDRP5gXc,packaged goods,f51320bf,297.360,301.440,4.079999999999984
5VPmpRR09ZU,packaged goods,1b6e2b57,276.720,280.800,4.079999999999984
_ZXJdYe4bpE,packaged goods,34d085fb,232.200,236.160,3.960000000000008
5VPmpRR09ZU,packaged goods,b109aea5,123.360,127.320,3.9599999999999937
WlLChq8FUxY,packaged goods,1caa54fe,12.960,16.800,3.84
8AcQ8C9xa-A,packaged goods,9bbb9e26,353.880,357.600,3.7200000000000273
8AcQ8C9xa-A,packaged goods,4755b514,394.440,398.160,3.7200000000000273
jzsiDRP5gXc,packaged goods,7051d363,275.520,279.240,3.7200000000000273
5VPmpRR09ZU,packaged goods,2781e260,460.800,464.280,3.4799999999999613
5VPmpRR09ZU,packaged goods,a5da042c,18.840,22.200,3.3599999999999994
_ZXJdYe4bpE,packaged goods,ed0117d9,128.880,132.120,3.240000000000009
WlLChq8FUxY,packaged goods,9d7db0de,39.360,42.480,3.1199999999999974
jzsiDRP5gXc,packaged goods,adb6a4cd,239.280,242.280,3.0
jzsiDRP5gXc,packaged goods,77695792,239.280,242.280,3.0
jzsiDRP5gXc,packaged goods,dde511fb,673.920,676.920,3.0
jzsiDRP5gXc,packaged goods,f7ee5e2e,88.080,90.960,2.8799999999999955
jzsiDRP5gXc,packaged goods,6ce0786e,95.040,97.680,2.6400000000000006
jzsiDRP5gXc,packaged goods,5dc688e9,239.760,242.280,2.5200000000000102
jzsiDRP5gXc,packaged goods,6bacf7ac,250.200,252.720,2.5200000000000102
QYgKCy64CV0,packaged goods,21e3ebeb,116.640,119.160,2.519999999999996
jzsiDRP5gXc,packaged goods,c466f6c2,140.160,142.560,2.4000000000000057
_ZXJdYe4bpE,packaged goods,84b716f6,238.440,240.840,2.4000000000000057
jzsiDRP5gXc,packaged goods,ce44c5a0,5.280,7.680,2.3999999999999995
jzsiDRP5gXc,packaged goods,fccb20d2,634.440,636.840,2.3999999999999773
8AcQ8C9xa-A,packaged goods,f4fe1637,376.800,379.200,2.3999999999999773
8AcQ8C9xa-A,packaged goods,fa876f90,374.400,376.680,2.2800000000000296
8AcQ8C9xa-A,packaged goods,3abbcb71,261.600,263.880,2.2799999999999727
jzsiDRP5gXc,packaged goods,b35cd904,280.560,282.840,2.2799999999999727
5VPmpRR09ZU,packaged goods,6bc61ed1,272.040,274.320,2.2799999999999727
6quOC6McLZU,packaged goods,ea95186d,75.120,77.280,2.1599999999999966
EJMaCyibnsM,packaged goods,7ddc11c8,697.560,699.600,2.0400000000000773
EJMaCyibnsM,packaged goods,1dbb045c,697.560,699.600,2.0400000000000773
FiJTenAqt5M,packaged goods,aee6e0bc,18.480,20.520,2.039999999999999
jzsiDRP5gXc,packaged goods,2fb48552,169.560,171.600,2.039999999999992
EJMaCyibnsM,packaged goods,2f50f6b0,283.080,285.000,1.920000000000016
jzsiDRP5gXc,packaged goods,655f770c,283.680,285.600,1.920000000000016
EJMaCyibnsM,packaged goods,0c8602b6,283.080,285.000,1.920000000000016
FiJTenAqt5M,packaged goods,74273f05,94.680,96.600,1.9199999999999875
jzsiDRP5gXc,packaged goods,93f5a5da,304.800,306.600,1.8000000000000114
EJMaCyibnsM,packaged goods,e4a3fcc2,467.760,469.560,1.8000000000000114
5VPmpRR09ZU,packaged goods,c8c1def5,483.240,485.040,1.8000000000000114
8AcQ8C9xa-A,packaged goods,625325a6,178.080,179.880,1.799999999999983
8AcQ8C9xa-A,packaged goods,5594c4e2,368.640,370.320,1.6800000000000068
jzsiDRP5gXc,packaged goods,0cf003d5,145.560,147.240,1.6800000000000068
jwqrVwh0ZpQ,packaged goods,c865539c,2.280,3.960,1.6800000000000002
8AcQ8C9xa-A,packaged goods,e25e0b62,354.480,356.040,1.5600000000000023
WlLChq8FUxY,packaged goods,7d3d9333,65.640,67.200,1.5600000000000023
5VPmpRR09ZU,packaged goods,42ff09ee,460.080,461.640,1.5600000000000023
EJMaCyibnsM,packaged goods,db588919,82.680,84.240,1.559999999999988
CcauXrkQNak,packaged goods,9b3178d6,161.261,162.763,1.501499999999993
WlLChq8FUxY,packaged goods,cba8238b,47.400,48.840,1.4400000000000048
5F1LC4QmkRA,packaged goods,240a1918,33.960,35.400,1.4399999999999977
6quOC6McLZU,packaged goods,7cfa1293,101.280,102.720,1.4399999999999977
6quOC6McLZU,packaged goods,98580adc,98.760,100.200,1.4399999999999977
